url,title,title_length,description,description_length
https://canadawashrooms.ca/,"Canada Washrooms — Portable toilet & washroom rentals across Canada",67,"Find portable toilet rentals, portable washrooms, and restroom trailers for construction, events, and remote sites.",115
https://canadawashrooms.ca/providers/,"Portable Washroom Providers in Canada | Canada Washrooms",56,"National directory of portable washroom providers.",50
https://canadawashrooms.ca/about/,"About Canada Washrooms | Canada Washrooms",41,"Independent provider discovery for portable washroom rentals across Canada.",75
https://canadawashrooms.ca/methodology/,"Methodology | Canada Washrooms",30,"How Canada Washrooms curates portable washroom provider listings.",65
https://canadawashrooms.ca/contact/,"Contact | Canada Washrooms",26,"Contact Canada Washrooms.",25
https://canadawashrooms.ca/coverage/,"Coverage | Canada Washrooms",27,"Provincial and city coverage for portable washroom listings.",60
https://canadawashrooms.ca/privacy/,"Privacy Policy | Canada Washrooms",33,"Privacy policy for Canada Washrooms.",36
https://canadawashrooms.ca/terms/,"Terms of Use | Canada Washrooms",31,"Terms of use for Canada Washrooms.",34
https://canadawashrooms.ca/disclaimer/,"Disclaimer | Canada Washrooms",29,"Disclaimer for Canada Washrooms.",32
https://canadawashrooms.ca/construction-portable-washrooms/calgary/,"Construction portable washrooms in Calgary — crews, servicing & long-term rentals | Canada Washrooms",100,"Operational portable sanitation for Calgary construction: serviced routes, crew-scale capacity, and seasonal realities including freeze–thaw and mud cycles. Compare operators matched to jobsite logistics — not a generic directory.",230
https://canadawashrooms.ca/construction-portable-washrooms/edmonton/,"Construction portable washrooms in Edmonton — crews, servicing & long-term rentals | Canada Washrooms",101,"Operational portable sanitation for Edmonton construction: serviced routes, crew-scale capacity, and seasonal realities including freeze–thaw and mud cycles. Compare operators matched to jobsite logistics — not a generic directory.",231
https://canadawashrooms.ca/construction-portable-washrooms/fort-mcmurray/,"Construction portable washrooms in Fort McMurray — crews, servicing & long-term rentals | Canada Washrooms",106,"Operational portable sanitation for Fort McMurray construction: serviced routes, crew-scale capacity, and seasonal realities including freeze–thaw and mud cycles. Compare operators matched to jobsite logistics — not a generic directory.",236
https://canadawashrooms.ca/construction-portable-washrooms/red-deer/,"Construction portable washrooms in Red Deer — crews, servicing & long-term rentals | Canada Washrooms",101,"Operational portable sanitation for Red Deer construction: serviced routes, crew-scale capacity, and seasonal realities including freeze–thaw and mud cycles. Compare operators matched to jobsite logistics — not a generic directory.",231
https://canadawashrooms.ca/construction-portable-washrooms/canmore/,"Construction portable washrooms in Canmore — crews, servicing & long-term rentals | Canada Washrooms",100,"Operational portable sanitation for Canmore construction: serviced routes, crew-scale capacity, and seasonal realities including freeze–thaw and mud cycles. Compare operators matched to jobsite logistics — not a generic directory.",230
https://canadawashrooms.ca/construction-portable-washrooms/toronto/,"Construction portable washrooms in Toronto — crews, servicing & long-term rentals | Canada Washrooms",100,"Operational portable sanitation for Toronto construction: serviced routes, crew-scale capacity, and seasonal realities including freeze–thaw and mud cycles. Compare operators matched to jobsite logistics — not a generic directory.",230
https://canadawashrooms.ca/construction-portable-washrooms/mississauga/,"Construction portable washrooms in Mississauga — crews, servicing & long-term rentals | Canada Washrooms",104,"Operational portable sanitation for Mississauga construction: serviced routes, crew-scale capacity, and seasonal realities including freeze–thaw and mud cycles. Compare operators matched to jobsite logistics — not a generic directory.",234
https://canadawashrooms.ca/construction-portable-washrooms/brampton/,"Construction portable washrooms in Brampton — crews, servicing & long-term rentals | Canada Washrooms",101,"Operational portable sanitation for Brampton construction: serviced routes, crew-scale capacity, and seasonal realities including freeze–thaw and mud cycles. Compare operators matched to jobsite logistics — not a generic directory.",231
https://canadawashrooms.ca/construction-portable-washrooms/hamilton/,"Construction portable washrooms in Hamilton — crews, servicing & long-term rentals | Canada Washrooms",101,"Operational portable sanitation for Hamilton construction: serviced routes, crew-scale capacity, and seasonal realities including freeze–thaw and mud cycles. Compare operators matched to jobsite logistics — not a generic directory.",231
https://canadawashrooms.ca/construction-portable-washrooms/vaughan/,"Construction portable washrooms in Vaughan — crews, servicing & long-term rentals | Canada Washrooms",100,"Operational portable sanitation for Vaughan construction: serviced routes, crew-scale capacity, and seasonal realities including freeze–thaw and mud cycles. Compare operators matched to jobsite logistics — not a generic directory.",230
https://canadawashrooms.ca/construction-portable-washrooms/markham/,"Construction portable washrooms in Markham — crews, servicing & long-term rentals | Canada Washrooms",100,"Operational portable sanitation for Markham construction: serviced routes, crew-scale capacity, and seasonal realities including freeze–thaw and mud cycles. Compare operators matched to jobsite logistics — not a generic directory.",230
https://canadawashrooms.ca/construction-portable-washrooms/surrey/,"Construction portable washrooms in Surrey — crews, servicing & long-term rentals | Canada Washrooms",99,"Operational portable sanitation for Surrey construction: serviced routes, crew-scale capacity, and seasonal realities including freeze–thaw and mud cycles. Compare operators matched to jobsite logistics — not a generic directory.",229
https://canadawashrooms.ca/construction-portable-washrooms/vancouver/,"Construction portable washrooms in Vancouver — crews, servicing & long-term rentals | Canada Washrooms",102,"Operational portable sanitation for Vancouver construction: serviced routes, crew-scale capacity, and seasonal realities including freeze–thaw and mud cycles. Compare operators matched to jobsite logistics — not a generic directory.",232
https://canadawashrooms.ca/construction-portable-washrooms/abbotsford/,"Construction portable washrooms in Abbotsford — crews, servicing & long-term rentals | Canada Washrooms",103,"Operational portable sanitation for Abbotsford construction: serviced routes, crew-scale capacity, and seasonal realities including freeze–thaw and mud cycles. Compare operators matched to jobsite logistics — not a generic directory.",233
https://canadawashrooms.ca/construction-portable-washrooms/kelowna/,"Construction portable washrooms in Kelowna — crews, servicing & long-term rentals | Canada Washrooms",100,"Operational portable sanitation for Kelowna construction: serviced routes, crew-scale capacity, and seasonal realities including freeze–thaw and mud cycles. Compare operators matched to jobsite logistics — not a generic directory.",230
https://canadawashrooms.ca/construction-portable-washrooms/nanaimo/,"Construction portable washrooms in Nanaimo — crews, servicing & long-term rentals | Canada Washrooms",100,"Operational portable sanitation for Nanaimo construction: serviced routes, crew-scale capacity, and seasonal realities including freeze–thaw and mud cycles. Compare operators matched to jobsite logistics — not a generic directory.",230
https://canadawashrooms.ca/luxury-restroom-trailers/calgary/,"Luxury restroom trailers in Calgary — weddings, venues & guest comfort | Canada Washrooms",89,"Upscale portable restrooms for Calgary events: trailer-grade finishes, flush systems, and layouts suited to weddings and venue settings. Practical notes on guest capacity, servicing windows, and seasonal considerations — curated for planners who care about guest experience.",274
https://canadawashrooms.ca/luxury-restroom-trailers/edmonton/,"Luxury restroom trailers in Edmonton — weddings, venues & guest comfort | Canada Washrooms",90,"Upscale portable restrooms for Edmonton events: trailer-grade finishes, flush systems, and layouts suited to weddings and venue settings. Practical notes on guest capacity, servicing windows, and seasonal considerations — curated for planners who care about guest experience.",275
https://canadawashrooms.ca/luxury-restroom-trailers/canmore/,"Luxury restroom trailers in Canmore — weddings, venues & guest comfort | Canada Washrooms",89,"Upscale portable restrooms for Canmore events: trailer-grade finishes, flush systems, and layouts suited to weddings and venue settings. Practical notes on guest capacity, servicing windows, and seasonal considerations — curated for planners who care about guest experience.",274
https://canadawashrooms.ca/luxury-restroom-trailers/red-deer/,"Luxury restroom trailers in Red Deer — weddings, venues & guest comfort | Canada Washrooms",90,"Upscale portable restrooms for Red Deer events: trailer-grade finishes, flush systems, and layouts suited to weddings and venue settings. Practical notes on guest capacity, servicing windows, and seasonal considerations — curated for planners who care about guest experience.",275
https://canadawashrooms.ca/luxury-restroom-trailers/toronto/,"Luxury restroom trailers in Toronto — weddings, venues & guest comfort | Canada Washrooms",89,"Upscale portable restrooms for Toronto events: trailer-grade finishes, flush systems, and layouts suited to weddings and venue settings. Practical notes on guest capacity, servicing windows, and seasonal considerations — curated for planners who care about guest experience.",274
https://canadawashrooms.ca/luxury-restroom-trailers/mississauga/,"Luxury restroom trailers in Mississauga — weddings, venues & guest comfort | Canada Washrooms",93,"Upscale portable restrooms for Mississauga events: trailer-grade finishes, flush systems, and layouts suited to weddings and venue settings. Practical notes on guest capacity, servicing windows, and seasonal considerations — curated for planners who care about guest experience.",278
https://canadawashrooms.ca/luxury-restroom-trailers/hamilton/,"Luxury restroom trailers in Hamilton — weddings, venues & guest comfort | Canada Washrooms",90,"Upscale portable restrooms for Hamilton events: trailer-grade finishes, flush systems, and layouts suited to weddings and venue settings. Practical notes on guest capacity, servicing windows, and seasonal considerations — curated for planners who care about guest experience.",275
https://canadawashrooms.ca/luxury-restroom-trailers/vaughan/,"Luxury restroom trailers in Vaughan — weddings, venues & guest comfort | Canada Washrooms",89,"Upscale portable restrooms for Vaughan events: trailer-grade finishes, flush systems, and layouts suited to weddings and venue settings. Practical notes on guest capacity, servicing windows, and seasonal considerations — curated for planners who care about guest experience.",274
https://canadawashrooms.ca/luxury-restroom-trailers/markham/,"Luxury restroom trailers in Markham — weddings, venues & guest comfort | Canada Washrooms",89,"Upscale portable restrooms for Markham events: trailer-grade finishes, flush systems, and layouts suited to weddings and venue settings. Practical notes on guest capacity, servicing windows, and seasonal considerations — curated for planners who care about guest experience.",274
https://canadawashrooms.ca/luxury-restroom-trailers/surrey/,"Luxury restroom trailers in Surrey — weddings, venues & guest comfort | Canada Washrooms",88,"Upscale portable restrooms for Surrey events: trailer-grade finishes, flush systems, and layouts suited to weddings and venue settings. Practical notes on guest capacity, servicing windows, and seasonal considerations — curated for planners who care about guest experience.",273
https://canadawashrooms.ca/luxury-restroom-trailers/vancouver/,"Luxury restroom trailers in Vancouver — weddings, venues & guest comfort | Canada Washrooms",91,"Upscale portable restrooms for Vancouver events: trailer-grade finishes, flush systems, and layouts suited to weddings and venue settings. Practical notes on guest capacity, servicing windows, and seasonal considerations — curated for planners who care about guest experience.",276
https://canadawashrooms.ca/luxury-restroom-trailers/kelowna/,"Luxury restroom trailers in Kelowna — weddings, venues & guest comfort | Canada Washrooms",89,"Upscale portable restrooms for Kelowna events: trailer-grade finishes, flush systems, and layouts suited to weddings and venue settings. Practical notes on guest capacity, servicing windows, and seasonal considerations — curated for planners who care about guest experience.",274
https://canadawashrooms.ca/luxury-restroom-trailers/abbotsford/,"Luxury restroom trailers in Abbotsford — weddings, venues & guest comfort | Canada Washrooms",92,"Upscale portable restrooms for Abbotsford events: trailer-grade finishes, flush systems, and layouts suited to weddings and venue settings. Practical notes on guest capacity, servicing windows, and seasonal considerations — curated for planners who care about guest experience.",277
https://canadawashrooms.ca/luxury-restroom-trailers/victoria/,"Luxury restroom trailers in Victoria — weddings, venues & guest comfort | Canada Washrooms",90,"Upscale portable restrooms for Victoria events: trailer-grade finishes, flush systems, and layouts suited to weddings and venue settings. Practical notes on guest capacity, servicing windows, and seasonal considerations — curated for planners who care about guest experience.",275
https://canadawashrooms.ca/remote-site-sanitation/fort-mcmurray/,"Remote site sanitation in Fort McMurray — camps, heated units & industrial servicing | Canada Washrooms",103,"Industrial portable sanitation for Fort McMurray-area remote operations: winterized posture, camp support experience, and servicing assumptions for lease roads and restricted-access sites. Operators listed here are segmented for remote and industrial logistics — verify heating, tank sizing, and dispatch SLAs directly before mobilization.",339
https://canadawashrooms.ca/remote-site-sanitation/calgary/,"Remote site sanitation in Calgary — camps, heated units & industrial servicing | Canada Washrooms",97,"Industrial portable sanitation for Calgary-area remote operations: winterized posture, camp support experience, and servicing assumptions for lease roads and restricted-access sites. Operators listed here are segmented for remote and industrial logistics — verify heating, tank sizing, and dispatch SLAs directly before mobilization.",333
https://canadawashrooms.ca/remote-site-sanitation/edmonton/,"Remote site sanitation in Edmonton — camps, heated units & industrial servicing | Canada Washrooms",98,"Industrial portable sanitation for Edmonton-area remote operations: winterized posture, camp support experience, and servicing assumptions for lease roads and restricted-access sites. Operators listed here are segmented for remote and industrial logistics — verify heating, tank sizing, and dispatch SLAs directly before mobilization.",334
https://canadawashrooms.ca/remote-site-sanitation/red-deer/,"Remote site sanitation in Red Deer — camps, heated units & industrial servicing | Canada Washrooms",98,"Industrial portable sanitation for Red Deer-area remote operations: winterized posture, camp support experience, and servicing assumptions for lease roads and restricted-access sites. Operators listed here are segmented for remote and industrial logistics — verify heating, tank sizing, and dispatch SLAs directly before mobilization.",334
https://canadawashrooms.ca/portable-washroom-rentals/calgary/,"Portable washroom rentals in Calgary — short-term, residential-friendly & practical | Canada Washrooms",102,"Straightforward portable washroom rentals in Calgary: short-term drops, accessibility options, handwash stations, and septic partnerships where operators provide them. Built for practical projects where you need capacity fast — without wading through unrelated categories.",272
https://canadawashrooms.ca/portable-washroom-rentals/edmonton/,"Portable washroom rentals in Edmonton — short-term, residential-friendly & practical | Canada Washrooms",103,"Straightforward portable washroom rentals in Edmonton: short-term drops, accessibility options, handwash stations, and septic partnerships where operators provide them. Built for practical projects where you need capacity fast — without wading through unrelated categories.",273
https://canadawashrooms.ca/portable-washroom-rentals/fort-mcmurray/,"Portable washroom rentals in Fort McMurray — short-term, residential-friendly & practical | Canada Washrooms",108,"Straightforward portable washroom rentals in Fort McMurray: short-term drops, accessibility options, handwash stations, and septic partnerships where operators provide them. Built for practical projects where you need capacity fast — without wading through unrelated categories.",278
https://canadawashrooms.ca/portable-washroom-rentals/red-deer/,"Portable washroom rentals in Red Deer — short-term, residential-friendly & practical | Canada Washrooms",103,"Straightforward portable washroom rentals in Red Deer: short-term drops, accessibility options, handwash stations, and septic partnerships where operators provide them. Built for practical projects where you need capacity fast — without wading through unrelated categories.",273
https://canadawashrooms.ca/portable-washroom-rentals/canmore/,"Portable washroom rentals in Canmore — short-term, residential-friendly & practical | Canada Washrooms",102,"Straightforward portable washroom rentals in Canmore: short-term drops, accessibility options, handwash stations, and septic partnerships where operators provide them. Built for practical projects where you need capacity fast — without wading through unrelated categories.",272
https://canadawashrooms.ca/portable-washroom-rentals/toronto/,"Portable washroom rentals in Toronto — short-term, residential-friendly & practical | Canada Washrooms",102,"Straightforward portable washroom rentals in Toronto: short-term drops, accessibility options, handwash stations, and septic partnerships where operators provide them. Built for practical projects where you need capacity fast — without wading through unrelated categories.",272
https://canadawashrooms.ca/portable-washroom-rentals/mississauga/,"Portable washroom rentals in Mississauga — short-term, residential-friendly & practical | Canada Washrooms",106,"Straightforward portable washroom rentals in Mississauga: short-term drops, accessibility options, handwash stations, and septic partnerships where operators provide them. Built for practical projects where you need capacity fast — without wading through unrelated categories.",276
https://canadawashrooms.ca/portable-washroom-rentals/brampton/,"Portable washroom rentals in Brampton — short-term, residential-friendly & practical | Canada Washrooms",103,"Straightforward portable washroom rentals in Brampton: short-term drops, accessibility options, handwash stations, and septic partnerships where operators provide them. Built for practical projects where you need capacity fast — without wading through unrelated categories.",273
https://canadawashrooms.ca/portable-washroom-rentals/hamilton/,"Portable washroom rentals in Hamilton — short-term, residential-friendly & practical | Canada Washrooms",103,"Straightforward portable washroom rentals in Hamilton: short-term drops, accessibility options, handwash stations, and septic partnerships where operators provide them. Built for practical projects where you need capacity fast — without wading through unrelated categories.",273
https://canadawashrooms.ca/portable-washroom-rentals/vaughan/,"Portable washroom rentals in Vaughan — short-term, residential-friendly & practical | Canada Washrooms",102,"Straightforward portable washroom rentals in Vaughan: short-term drops, accessibility options, handwash stations, and septic partnerships where operators provide them. Built for practical projects where you need capacity fast — without wading through unrelated categories.",272
https://canadawashrooms.ca/portable-washroom-rentals/markham/,"Portable washroom rentals in Markham — short-term, residential-friendly & practical | Canada Washrooms",102,"Straightforward portable washroom rentals in Markham: short-term drops, accessibility options, handwash stations, and septic partnerships where operators provide them. Built for practical projects where you need capacity fast — without wading through unrelated categories.",272
https://canadawashrooms.ca/portable-washroom-rentals/surrey/,"Portable washroom rentals in Surrey — short-term, residential-friendly & practical | Canada Washrooms",101,"Straightforward portable washroom rentals in Surrey: short-term drops, accessibility options, handwash stations, and septic partnerships where operators provide them. Built for practical projects where you need capacity fast — without wading through unrelated categories.",271
https://canadawashrooms.ca/portable-washroom-rentals/vancouver/,"Portable washroom rentals in Vancouver — short-term, residential-friendly & practical | Canada Washrooms",104,"Straightforward portable washroom rentals in Vancouver: short-term drops, accessibility options, handwash stations, and septic partnerships where operators provide them. Built for practical projects where you need capacity fast — without wading through unrelated categories.",274
https://canadawashrooms.ca/portable-washroom-rentals/abbotsford/,"Portable washroom rentals in Abbotsford — short-term, residential-friendly & practical | Canada Washrooms",105,"Straightforward portable washroom rentals in Abbotsford: short-term drops, accessibility options, handwash stations, and septic partnerships where operators provide them. Built for practical projects where you need capacity fast — without wading through unrelated categories.",275
https://canadawashrooms.ca/portable-washroom-rentals/kelowna/,"Portable washroom rentals in Kelowna — short-term, residential-friendly & practical | Canada Washrooms",102,"Straightforward portable washroom rentals in Kelowna: short-term drops, accessibility options, handwash stations, and septic partnerships where operators provide them. Built for practical projects where you need capacity fast — without wading through unrelated categories.",272
https://canadawashrooms.ca/portable-washroom-rentals/nanaimo/,"Portable washroom rentals in Nanaimo — short-term, residential-friendly & practical | Canada Washrooms",102,"Straightforward portable washroom rentals in Nanaimo: short-term drops, accessibility options, handwash stations, and septic partnerships where operators provide them. Built for practical projects where you need capacity fast — without wading through unrelated categories.",272
https://canadawashrooms.ca/portable-washroom-rentals/coquitlam/,"Portable washroom rentals in Coquitlam — short-term, residential-friendly & practical | Canada Washrooms",104,"Straightforward portable washroom rentals in Coquitlam: short-term drops, accessibility options, handwash stations, and septic partnerships where operators provide them. Built for practical projects where you need capacity fast — without wading through unrelated categories.",274
https://canadawashrooms.ca/portable-washroom-rentals/victoria/,"Portable washroom rentals in Victoria — short-term, residential-friendly & practical | Canada Washrooms",103,"Straightforward portable washroom rentals in Victoria: short-term drops, accessibility options, handwash stations, and septic partnerships where operators provide them. Built for practical projects where you need capacity fast — without wading through unrelated categories.",273
https://canadawashrooms.ca/waste-site-services/calgary/,"Waste & site services in Calgary — septic, roll-off, and construction support | Canada Washrooms",96,"Integrated waste and site-service operators in Calgary: septic handling, roll-off and disposal partners, and construction-site support beyond portable toilets alone. Compare firms that bundle sanitation with broader site logistics.",231
https://canadawashrooms.ca/waste-site-services/edmonton/,"Waste & site services in Edmonton — septic, roll-off, and construction support | Canada Washrooms",97,"Integrated waste and site-service operators in Edmonton: septic handling, roll-off and disposal partners, and construction-site support beyond portable toilets alone. Compare firms that bundle sanitation with broader site logistics.",232
https://canadawashrooms.ca/waste-site-services/fort-mcmurray/,"Waste & site services in Fort McMurray — septic, roll-off, and construction support | Canada Washrooms",102,"Integrated waste and site-service operators in Fort McMurray: septic handling, roll-off and disposal partners, and construction-site support beyond portable toilets alone. Compare firms that bundle sanitation with broader site logistics.",237
https://canadawashrooms.ca/waste-site-services/red-deer/,"Waste & site services in Red Deer — septic, roll-off, and construction support | Canada Washrooms",97,"Integrated waste and site-service operators in Red Deer: septic handling, roll-off and disposal partners, and construction-site support beyond portable toilets alone. Compare firms that bundle sanitation with broader site logistics.",232
https://canadawashrooms.ca/waste-site-services/canmore/,"Waste & site services in Canmore — septic, roll-off, and construction support | Canada Washrooms",96,"Integrated waste and site-service operators in Canmore: septic handling, roll-off and disposal partners, and construction-site support beyond portable toilets alone. Compare firms that bundle sanitation with broader site logistics.",231
https://canadawashrooms.ca/waste-site-services/toronto/,"Waste & site services in Toronto — septic, roll-off, and construction support | Canada Washrooms",96,"Integrated waste and site-service operators in Toronto: septic handling, roll-off and disposal partners, and construction-site support beyond portable toilets alone. Compare firms that bundle sanitation with broader site logistics.",231
https://canadawashrooms.ca/waste-site-services/mississauga/,"Waste & site services in Mississauga — septic, roll-off, and construction support | Canada Washrooms",100,"Integrated waste and site-service operators in Mississauga: septic handling, roll-off and disposal partners, and construction-site support beyond portable toilets alone. Compare firms that bundle sanitation with broader site logistics.",235
https://canadawashrooms.ca/waste-site-services/brampton/,"Waste & site services in Brampton — septic, roll-off, and construction support | Canada Washrooms",97,"Integrated waste and site-service operators in Brampton: septic handling, roll-off and disposal partners, and construction-site support beyond portable toilets alone. Compare firms that bundle sanitation with broader site logistics.",232
https://canadawashrooms.ca/waste-site-services/hamilton/,"Waste & site services in Hamilton — septic, roll-off, and construction support | Canada Washrooms",97,"Integrated waste and site-service operators in Hamilton: septic handling, roll-off and disposal partners, and construction-site support beyond portable toilets alone. Compare firms that bundle sanitation with broader site logistics.",232
https://canadawashrooms.ca/waste-site-services/surrey/,"Waste & site services in Surrey — septic, roll-off, and construction support | Canada Washrooms",95,"Integrated waste and site-service operators in Surrey: septic handling, roll-off and disposal partners, and construction-site support beyond portable toilets alone. Compare firms that bundle sanitation with broader site logistics.",230
https://canadawashrooms.ca/waste-site-services/vancouver/,"Waste & site services in Vancouver — septic, roll-off, and construction support | Canada Washrooms",98,"Integrated waste and site-service operators in Vancouver: septic handling, roll-off and disposal partners, and construction-site support beyond portable toilets alone. Compare firms that bundle sanitation with broader site logistics.",233
https://canadawashrooms.ca/waste-site-services/abbotsford/,"Waste & site services in Abbotsford — septic, roll-off, and construction support | Canada Washrooms",99,"Integrated waste and site-service operators in Abbotsford: septic handling, roll-off and disposal partners, and construction-site support beyond portable toilets alone. Compare firms that bundle sanitation with broader site logistics.",234
https://canadawashrooms.ca/provider/fenceline-rentals-ltd-acheson-ab/,"Fenceline Rentals Ltd. | Construction & Jobsites in Acheson | Canada Washrooms",78,"Fenceline Rentals Ltd. — construction & jobsites in Acheson. Service area: 9871 279 St #112, Acheson, AB T7X 6J4. Google rating 4.3 (63 reviews). Compare capabilities and contact details — confirm availability with the operator.",228
https://canadawashrooms.ca/provider/eh-royal-flush-portable-toilets-ardrossan-ab/,"Eh! Royal Flush Portable Toilets | Construction & Jobsites in Ardrossan | Canada Washrooms",90,"Eh! Royal Flush Portable Toilets — construction & jobsites in Ardrossan. Service area: 53479 Range Rd 211, Ardrossan, AB T8G 2B7. Google rating 4.8 (19 reviews). Compare capabilities and contact details — confirm availability with the operator.",244
https://canadawashrooms.ca/provider/zero-spill-oilfield-services-ltd-beaverlodge-ab/,"Zero Spill Oilfield Services ltd. | Construction & Jobsites in Beaverlodge | Canada Washrooms",93,"Zero Spill Oilfield Services ltd. — construction & jobsites in Beaverlodge. Service area: 1034 1 Ave #1059, Beaverlodge, AB T0H 0C0. Google rating 5.0 (1 reviews). Compare capabilities and contact details — confirm availability with the operator.",246
https://canadawashrooms.ca/provider/abc-waste-management-potties-ltd-calgary-ab/,"ABC Waste Management/Potties Ltd. | Construction & Jobsites in Calgary | Canada Washrooms",89,"ABC Waste Management/Potties Ltd. — construction & jobsites in Calgary. Service area: 3020 52 St. SE, Calgary, AB T2B 1N2. Google rating 3.6 (14 reviews). Compare capabilities and contact details — confirm availability with the operator.",237
https://canadawashrooms.ca/provider/alberta-trailer-rentals-calgary-ab/,"Alberta Trailer Rentals | Weddings & Events in Calgary | Canada Washrooms",73,"Alberta Trailer Rentals — weddings & events in Calgary. Service area: 2312 52 Ave SE, Calgary, AB T2V 2R3. Google rating 5.0 (8 reviews). Compare capabilities and contact details — confirm availability with the operator.",220
https://canadawashrooms.ca/provider/avalanche-waste-management-inc-calgary-ab/,"Avalanche Waste Management Inc. | Construction & Jobsites in Calgary | Canada Washrooms",87,"Avalanche Waste Management Inc. — construction & jobsites in Calgary. Service area: 2419 52 Ave SE Unit #1, Calgary, AB T2C 4X7. Google rating 4.9 (124 reviews). Compare capabilities and contact details — confirm availability with the operator.",244
https://canadawashrooms.ca/provider/fenceline-rentals-ltd-calgary-calgary-ab/,"Fenceline Rentals Ltd. Calgary | Construction & Jobsites in Calgary | Canada Washrooms",86,"Fenceline Rentals Ltd. Calgary — construction & jobsites in Calgary. Service area: 9889 54th St SE, Calgary, AB T2C 5J4. Google rating 5.0 (12 reviews). Compare capabilities and contact details — confirm availability with the operator.",235
https://canadawashrooms.ca/provider/pit-stop-portable-toilet-services-calgary-ab/,"Pit Stop Portable Toilet Services | Construction & Jobsites in Calgary | Canada Washrooms",89,"Pit Stop Portable Toilet Services — construction & jobsites in Calgary. Service area: 4840 90 Ave SE, Calgary, AB T2C 2T1. Google rating 2.8 (34 reviews). Compare capabilities and contact details — confirm availability with the operator.",237
https://canadawashrooms.ca/provider/portabins-calgary-ab/,"PortaBins | Construction & Jobsites in Calgary | Canada Washrooms",65,"PortaBins — construction & jobsites in Calgary. Service area: 5115 76 Ave SE #4, Calgary, AB T2C 3C6. Google rating 5.0 (38 reviews). Compare capabilities and contact details — confirm availability with the operator.",216
https://canadawashrooms.ca/provider/rhino-calgary-ab/,"Rhino | Construction & Jobsites in Calgary | Canada Washrooms",61,"Rhino — construction & jobsites in Calgary. Service area: 230 40 Ave NE, Calgary, AB T2E 2M7. Google rating 5.0 (64 reviews). Compare capabilities and contact details — confirm availability with the operator.",208
https://canadawashrooms.ca/provider/super-save-group-calgary-ab/,"Super Save Group | Construction & Jobsites in Calgary | Canada Washrooms",72,"Super Save Group — construction & jobsites in Calgary. Service area: 6025 90 Ave SE, Calgary, AB T2C 4Z6. Google rating 2.6 (162 reviews). Compare capabilities and contact details — confirm availability with the operator.",221
https://canadawashrooms.ca/provider/the-garbage-good-guys-calgary-ab/,"The Garbage Good Guys | Construction & Jobsites in Calgary | Canada Washrooms",77,"The Garbage Good Guys — construction & jobsites in Calgary. Service area: 5512 5 St NW, Calgary, AB T2K 6J1. Google rating 2.5 (20 reviews). Compare capabilities and contact details — confirm availability with the operator.",223
https://canadawashrooms.ca/provider/united-rentals-calgary-ab/,"United Rentals | Construction & Jobsites in Calgary | Canada Washrooms",70,"United Rentals — construction & jobsites in Calgary. Service area: 7120 Blackfoot Trl SE, Calgary, AB T2H 2M1. Google rating 3.8 (39 reviews). Compare capabilities and contact details — confirm availability with the operator.",225
https://canadawashrooms.ca/provider/vibe-event-rentals-calgary-ab/,"VIBE Event Rentals | Weddings & Events in Calgary | Canada Washrooms",68,"VIBE Event Rentals — weddings & events in Calgary. Service area: 218106 66 St E, Calgary, AB T1S 3V5. Google rating 4.9 (320 reviews). Compare capabilities and contact details — confirm availability with the operator.",217
https://canadawashrooms.ca/provider/willscot-calgary-ab/,"WillScot | Construction & Jobsites in Calgary | Canada Washrooms",64,"WillScot — construction & jobsites in Calgary. Service area: 4000 84 St SE, Calgary, AB T1X 1Y3. Google rating 4.4 (21 reviews). Compare capabilities and contact details — confirm availability with the operator.",211
https://canadawashrooms.ca/provider/canmore-septic-canmore-ab/,"Canmore Septic | Construction & Jobsites in Canmore | Canada Washrooms",70,"Canmore Septic — construction & jobsites in Canmore. Service area: #3 Cougar Mountain Crescent, Exshaw, Alberta, Canada, T0L 2C0. Compare capabilities and contact details — confirm availability with the operator.",212
https://canadawashrooms.ca/provider/benoit-rentals-ltd-chauvin-ab/,"Benoit Rentals Ltd | Construction & Jobsites in Chauvin | Canada Washrooms",74,"Benoit Rentals Ltd — construction & jobsites in Chauvin. Service area: 108 Main St, Chauvin, AB T0B 0J3. Compare capabilities and contact details — confirm availability with the operator.",187
https://canadawashrooms.ca/provider/mr-p-potty-ltd-cochrane-ab/,"Mr. P. Potty Ltd. | Construction & Jobsites in Cochrane | Canada Washrooms",74,"Mr. P. Potty Ltd. — construction & jobsites in Cochrane. Service area: 131 2 Ave E, Cochrane, AB T4C 2B9. Google rating 4.2 (41 reviews). Compare capabilities and contact details — confirm availability with the operator.",220
https://canadawashrooms.ca/provider/steelhead-ventures-ltd-cochrane-ab/,"Steelhead Ventures Ltd. | Construction & Jobsites in Cochrane | Canada Washrooms",80,"Steelhead Ventures Ltd. — construction & jobsites in Cochrane. Service area: 560 Griffin Rd E, Cochrane, AB, T4C 2B7. Compare capabilities and contact details — confirm availability with the operator.",200
https://canadawashrooms.ca/provider/buckaday-toilets-drayton-valley-ab/,"Buckaday Toilets | Construction & Jobsites in Drayton Valley | Canada Washrooms",79,"Buckaday Toilets — construction & jobsites in Drayton Valley. Service area: 6225 54 Ave, Drayton Valley, AB T7A 1C4. Google rating 5.0 (1 reviews). Compare capabilities and contact details — confirm availability with the operator.",230
https://canadawashrooms.ca/provider/1st-choice-construction-waste-removal-edmonton-ab/,"1st Choice Construction Waste Removal | Construction & Jobsites in Edmonton | Canada Washrooms",94,"1st Choice Construction Waste Removal — construction & jobsites in Edmonton. Service area: 11230 228 St NW, Edmonton, AB T5S 2B7. Google rating 4.7 (24 reviews). Compare capabilities and contact details — confirm availability with the operator.",244
https://canadawashrooms.ca/provider/heartland-disposal-recycling-ltd-edmonton-ab/,"Heartland Disposal & Recycling Ltd | Construction & Jobsites in Edmonton | Canada Washrooms",91,"Heartland Disposal & Recycling Ltd — construction & jobsites in Edmonton. Service area: 7730 18 St NW, Edmonton, AB T6P 1Y6. Google rating 4.4 (49 reviews). Compare capabilities and contact details — confirm availability with the operator.",239
https://canadawashrooms.ca/provider/p-cann-edmonton-ab/,"P-Cann | Construction & Jobsites in Edmonton | Canada Washrooms",63,"P-Cann — construction & jobsites in Edmonton. Service area: 5302 72a Ave NW, Edmonton, AB T6B 2H9. Google rating 4.8 (9 reviews). Compare capabilities and contact details — confirm availability with the operator.",212
https://canadawashrooms.ca/provider/p-cann-services-edmonton-ab/,"P-CANN Services | Construction & Jobsites in Edmonton | Canada Washrooms",72,"P-CANN Services — construction & jobsites in Edmonton. Service area: 14515 122 Ave NW, Edmonton, AB T5L 2W4. Google rating 1.0 (1 reviews). Compare capabilities and contact details — confirm availability with the operator.",222
https://canadawashrooms.ca/provider/p-pots-portable-washrooms-edmonton-ab/,"P-Pots Portable Washrooms | Construction & Jobsites in Edmonton | Canada Washrooms",82,"P-Pots Portable Washrooms — construction & jobsites in Edmonton. Service area: 9651 62 Ave NW, Edmonton, AB T6E 0E1. Compare capabilities and contact details — confirm availability with the operator.",199
https://canadawashrooms.ca/provider/pioneer-sanitary-solutions-ltd-edmonton-ab/,"Pioneer Sanitary Solutions Ltd. | Construction & Jobsites in Edmonton | Canada Washrooms",88,"Pioneer Sanitary Solutions Ltd. — construction & jobsites in Edmonton. Service area: 9520 51 Ave NW, Edmonton, AB T6E 5A6. Google rating 4.3 (6 reviews). Compare capabilities and contact details — confirm availability with the operator.",236
https://canadawashrooms.ca/provider/solv-x-enterprises-inc-edmonton-ab/,"SOLV.X Enterprises Inc. | Construction & Jobsites in Edmonton | Canada Washrooms",80,"SOLV.X Enterprises Inc. — construction & jobsites in Edmonton. Service area: 6805 Whyte Ave NW, Edmonton, AB T6B 0E9. Google rating 4.4 (7 reviews). Compare capabilities and contact details — confirm availability with the operator.",231
https://canadawashrooms.ca/provider/super-save-group-edmonton-ab/,"Super Save Group | Construction & Jobsites in Edmonton | Canada Washrooms",73,"Super Save Group — construction & jobsites in Edmonton. Service area: 1625 90 Ave, Edmonton, AB T6P 0E2. Google rating 2.7 (94 reviews). Compare capabilities and contact details — confirm availability with the operator.",219
https://canadawashrooms.ca/provider/alberta-toilets-septic-services-evansburg-ab/,"Alberta Toilets & Septic Services | Construction & Jobsites in Evansburg | Canada Washrooms",91,"Alberta Toilets & Septic Services — construction & jobsites in Evansburg. Service area: 54510 Range Rd 75, Evansburg, AB T0E 0T0. Google rating 5.0 (1 reviews). Compare capabilities and contact details — confirm availability with the operator.",243
https://canadawashrooms.ca/provider/go-services-inc-fort-mcmurray-ab/,"Go Services Inc. | Construction & Jobsites in Fort McMurray | Canada Washrooms",78,"Go Services Inc. — construction & jobsites in Fort McMurray. Service area: 260 Mackay Crescent, Fort McMurray, AB T9H 4G1. Google rating 2.7 (7 reviews). Compare capabilities and contact details — confirm availability with the operator.",236
https://canadawashrooms.ca/provider/gallason-industrial-cleaning-services-inc-fort-saskatchewan-ab/,"Gallason Industrial Cleaning Services Inc | Construction & Jobsites in Fort Saskatchewan | Canada Washrooms",107,"Gallason Industrial Cleaning Services Inc — construction & jobsites in Fort Saskatchewan. Service area: 11212 87 Ave, Fort Saskatchewan, AB T8L 2S4. Google rating 4.2 (10 reviews). Compare capabilities and contact details — confirm availability with the operator.",263
https://canadawashrooms.ca/provider/bear-creek-rentals-inc-fox-creek-ab/,"Bear Creek Rentals Inc. | Construction & Jobsites in Fox Creek | Canada Washrooms",81,"Bear Creek Rentals Inc. — construction & jobsites in Fox Creek. Service area: 104 1 Ave, Fox Creek, AB T0H 1P0. Google rating 5.0 (1 reviews). Compare capabilities and contact details — confirm availability with the operator.",225
https://canadawashrooms.ca/provider/remote-group-grande-prairie-county-no-1-ab/,"Remote Group | Construction & Jobsites in Grande Prairie County No. 1 | Canada Washrooms",88,"Remote Group — construction & jobsites in Grande Prairie County No. 1. Service area: 60051 HWY 668 #20, Grande Prairie County No. 1, AB T8W 5A8. Google rating 3.0 (2 reviews). Compare capabilities and contact details — confirm availability with the operator.",258
https://canadawashrooms.ca/provider/f5-services-hardisty-ab/,"f5 services | Construction & Jobsites in Hardisty | Canada Washrooms",68,"f5 services — construction & jobsites in Hardisty. Service area: Box 169, Hardisty, AB T0B 1V0. Google rating 5.0 (1 reviews). Compare capabilities and contact details — confirm availability with the operator.",209
https://canadawashrooms.ca/provider/range-services-leduc-ab/,"Range Services | Construction & Jobsites in Leduc | Canada Washrooms",68,"Range Services — construction & jobsites in Leduc. Service area: 7019 Sparrow Dr, Leduc, AB T9E 7L1. Google rating 4.0 (1 reviews). Compare capabilities and contact details — confirm availability with the operator.",214
https://canadawashrooms.ca/provider/rockbox-structures-nisku-ab/,"Rockbox Structures | Construction & Jobsites in Nisku | Canada Washrooms",72,"Rockbox Structures — construction & jobsites in Nisku. Service area: 706 11 Ave, Nisku, AB T9E 7R3. Google rating 4.7 (98 reviews). Compare capabilities and contact details — confirm availability with the operator.",214
https://canadawashrooms.ca/provider/duty-calls-portables-ltd-okotoks-ab/,"Duty Calls Portables Ltd. | Construction & Jobsites in Okotoks | Canada Washrooms",81,"Duty Calls Portables Ltd. — construction & jobsites in Okotoks. Service area: 64062 393 Ave E, Okotoks, AB T1S 0L1. Google rating 5.0 (13 reviews). Compare capabilities and contact details — confirm availability with the operator.",230
https://canadawashrooms.ca/provider/mcneely-co-rentals-olds-ab/,"McNeely co. Rentals | Construction & Jobsites in Olds | Canada Washrooms",72,"McNeely co. Rentals — construction & jobsites in Olds. Service area: 5606 51 St, Olds, AB T4H 1H9. Google rating 5.0 (4 reviews). Compare capabilities and contact details — confirm availability with the operator.",212
https://canadawashrooms.ca/provider/canmasters-inc-red-deer-ab/,"Canmasters Inc. | Construction & Jobsites in Red Deer | Canada Washrooms",72,"Canmasters Inc. — construction & jobsites in Red Deer. Service area: 4883 Chiles Industrial Link, Red Deer, AB T4P 2B6. Google rating 3.7 (3 reviews). Compare capabilities and contact details — confirm availability with the operator.",233
https://canadawashrooms.ca/provider/go-services-inc-red-deer-ab/,"Go Services Inc. | Construction & Jobsites in Red Deer | Canada Washrooms",73,"Go Services Inc. — construction & jobsites in Red Deer. Service area: 8164 Edgar Industrial Close, Red Deer, AB T4P 3R4. Google rating 4.4 (24 reviews). Compare capabilities and contact details — confirm availability with the operator.",235
https://canadawashrooms.ca/provider/little-jon-s-portable-toilet-rentals-red-deer-ab/,"Little Jon's Portable Toilet Rentals | Construction & Jobsites in Red Deer | Canada Washrooms",93,"Little Jon's Portable Toilet Rentals — construction & jobsites in Red Deer. Service area: 4883 Chiles Industrial Link, Red Deer, AB T4S 2A3. Google rating 3.2 (21 reviews). Compare capabilities and contact details — confirm availability with the operator.",255
https://canadawashrooms.ca/provider/big-rock-waste-disposal-and-rentals-rocky-mountain-house-ab/,"Big Rock Waste Disposal and Rentals | Construction & Jobsites in Rocky Mountain House | Canada Washrooms",104,"Big Rock Waste Disposal and Rentals — construction & jobsites in Rocky Mountain House. Service area: 385050 48 Street, 385050 Rge Rd 6 #1, Rocky Mountain House, AB T4T 1A9. Google rating 5.0 (1 reviews). Compare capabilities and contact details — confirm availability with the operator.",286
https://canadawashrooms.ca/provider/oli-s-portable-toilets-rental-rocky-mountain-house-ab/,"Oli's Portable Toilets Rental | Construction & Jobsites in Rocky Mountain House | Canada Washrooms",98,"Oli's Portable Toilets Rental — construction & jobsites in Rocky Mountain House. Service area: Westward Way, Rocky Mountain House, AB T4T 1E1. Compare capabilities and contact details — confirm availability with the operator.",225
https://canadawashrooms.ca/provider/rangeland-event-restrooms-rocky-view-county-ab/,"Rangeland Event Restrooms | Weddings & Events in Rocky View County | Canada Washrooms",85,"Rangeland Event Restrooms — weddings & events in Rocky View County. Service area: 292184 Crosspointe Rd, Rocky View County, AB T4A 0W2. Google rating 3.0 (2 reviews). Compare capabilities and contact details — confirm availability with the operator.",249
https://canadawashrooms.ca/provider/range-services-sherwood-park-ab/,"RANGE SERVICES | Construction & Jobsites in Sherwood Park | Canada Washrooms",76,"RANGE SERVICES — construction & jobsites in Sherwood Park. Service area: 53113 AB-21, Sherwood Park, AB T8A 4T7. Google rating 5.0 (9 reviews). Compare capabilities and contact details — confirm availability with the operator.",226
https://canadawashrooms.ca/provider/handi-can-2003-ltd-spruce-grove-ab/,"Handi-Can (2003) Ltd | Construction & Jobsites in Spruce Grove | Canada Washrooms",81,"Handi-Can (2003) Ltd — construction & jobsites in Spruce Grove. Service area: 327 Saskatchewan Ave, Spruce Grove, AB T7X 3B3. Google rating 4.3 (25 reviews). Compare capabilities and contact details — confirm availability with the operator.",240
https://canadawashrooms.ca/provider/frontline-rentals-div-of-combat-spraying-stettler-ab/,"Frontline Rentals DIV of Combat Spraying | Construction & Jobsites in Stettler | Canada Washrooms",97,"Frontline Rentals DIV of Combat Spraying — construction & jobsites in Stettler. Service area: 4904 44 Ave, Stettler, AB T0C 2L1. Google rating 5.0 (2 reviews). Compare capabilities and contact details — confirm availability with the operator.",242
https://canadawashrooms.ca/provider/valleyview-sheet-metal-and-insulating-ltd-valleyview-ab/,"Valleyview Sheet Metal and Insulating Ltd. | Construction & Jobsites in Valleyview | Canada Washrooms",101,"Valleyview Sheet Metal and Insulating Ltd. — construction & jobsites in Valleyview. Service area: Valleyview, AB T0H 3N0. Compare capabilities and contact details — confirm availability with the operator.",204
https://canadawashrooms.ca/provider/aikam-rental-ltd-abbotsford-bc/,"AIKAM RENTAL LTD | Construction & Jobsites in Abbotsford | Canada Washrooms",75,"AIKAM RENTAL LTD — construction & jobsites in Abbotsford. Service area: 31048 Heron Ave, Abbotsford, BC V2T 5K5. Google rating 5.0 (4 reviews). Compare capabilities and contact details — confirm availability with the operator.",226
https://canadawashrooms.ca/provider/equinox-rentals-portable-trailer-washrooms-fences-septic-service-abbotsf/,"Equinox Rentals - Portable & Trailer Washrooms, Fences, Septic Service - Abbotsford | Construction & Jobsites in Abbotsford | Canada Washrooms",142,"Equinox Rentals - Portable & Trailer Washrooms, Fences, Septic Service - Abbotsford — construction & jobsites in Abbotsford. Service area: 32274 Atwater Crescent, Abbotsford, BC V2T 4L2. Google rating 5.0 (5 reviews). Compare capabilities and contact details — confirm availability with the operator.",300
https://canadawashrooms.ca/provider/scv-waste-management-septic-bins-armstrong-bc-armstrong-bc/,"SCV: Waste Management, Septic & Bins | Armstrong, BC | Construction & Jobsites in Armstrong | Canada Washrooms",110,"SCV: Waste Management, Septic & Bins | Armstrong, BC — construction & jobsites in Armstrong. Service area: 869 Otter Lake Cross Rd, Armstrong, BC V4Y 0N7. Google rating 4.8 (19 reviews). Compare capabilities and contact details — confirm availability with the operator.",269
https://canadawashrooms.ca/provider/total-site-services-ltd-burnaby-bc/,"Total Site Services Ltd | Construction & Jobsites in Burnaby | Canada Washrooms",79,"Total Site Services Ltd — construction & jobsites in Burnaby. Service area: 5489 Byrne Rd #277, Burnaby, BC V5J 3J1. Google rating 4.0 (25 reviews). Compare capabilities and contact details — confirm availability with the operator.",231
https://canadawashrooms.ca/provider/vogue-luxury-restrooms-calgary-bc/,"Vogue Luxury Restrooms | Construction & Jobsites in Calgary | Canada Washrooms",78,"Vogue Luxury Restrooms — construction & jobsites in Calgary. Service area: Calgary, BC. Compare capabilities and contact details — confirm availability with the operator.",170
https://canadawashrooms.ca/provider/pioneer-sanitary-solutions-ltd-charlie-lake-bc/,"Pioneer Sanitary Solutions Ltd. | Construction & Jobsites in Charlie Lake | Canada Washrooms",92,"Pioneer Sanitary Solutions Ltd. — construction & jobsites in Charlie Lake. Service area: 10395 Spruce St, Charlie Lake, BC V1J 8A9. Google rating 5.0 (12 reviews). Compare capabilities and contact details — confirm availability with the operator.",246
https://canadawashrooms.ca/provider/coast-portable-toilet-rentals-chemainus-bc/,"Coast Portable Toilet Rentals | Construction & Jobsites in Chemainus | Canada Washrooms",87,"Coast Portable Toilet Rentals — construction & jobsites in Chemainus. Service area: 9401 Trans-Canada Hwy, Chemainus, BC V0R 1K0. Google rating 3.7 (3 reviews). Compare capabilities and contact details — confirm availability with the operator.",243
https://canadawashrooms.ca/provider/christina-porta-potty-rv-pumpout-service-christina-lake-bc/,"Christina Porta Potty & RV Pumpout Service | Construction & Jobsites in Christina Lake | Canada Washrooms",105,"Christina Porta Potty & RV Pumpout Service — construction & jobsites in Christina Lake. Service area: Christina Lake, BC V0H 1E0. Google rating 5.0 (2 reviews). Compare capabilities and contact details — confirm availability with the operator.",243
https://canadawashrooms.ca/provider/full-moon-rentals-coquitlam-bc/,"Full Moon Rentals | Construction & Jobsites in Coquitlam | Canada Washrooms",75,"Full Moon Rentals — construction & jobsites in Coquitlam. Service area: 175 Schoolhouse St Unit 20, Coquitlam, BC V3K 4X8. Google rating 4.3 (27 reviews). Compare capabilities and contact details — confirm availability with the operator.",237
https://canadawashrooms.ca/provider/pit-stop-portable-toilet-services-coquitlam-bc/,"Pit Stop Portable Toilet Services | Construction & Jobsites in Coquitlam | Canada Washrooms",91,"Pit Stop Portable Toilet Services — construction & jobsites in Coquitlam. Service area: 32 Fawcett Rd, Coquitlam, BC V3K 6X9. Google rating 3.6 (61 reviews). Compare capabilities and contact details — confirm availability with the operator.",240
https://canadawashrooms.ca/provider/equinox-rentals-portable-trailer-washrooms-fences-septic-service-delta-d/,"Equinox Rentals - Portable & Trailer Washrooms, Fences, Septic Service - Delta | Construction & Jobsites in Delta | Canada Washrooms",132,"Equinox Rentals - Portable & Trailer Washrooms, Fences, Septic Service - Delta — construction & jobsites in Delta. Service area: 8679 Sunbury Pl, Delta, BC V4C 3Y9. Google rating 5.0 (13 reviews). Compare capabilities and contact details — confirm availability with the operator.",279
https://canadawashrooms.ca/provider/bold-portable-rentals-kelowna-bc/,"Bold Portable Rentals | Construction & Jobsites in Kelowna | Canada Washrooms",77,"Bold Portable Rentals — construction & jobsites in Kelowna. Service area: 8860 Jim Bailey Crescent #6, Kelowna, BC V4V 2N4. Google rating 5.0 (43 reviews). Compare capabilities and contact details — confirm availability with the operator.",238
https://canadawashrooms.ca/provider/interior-portable-toilet-rentals-kelowna-bc/,"Interior Portable Toilet Rentals | Construction & Jobsites in Kelowna | Canada Washrooms",88,"Interior Portable Toilet Rentals — construction & jobsites in Kelowna. Service area: 235 Neave Rd, Kelowna, BC V1V 2L9. Google rating 4.2 (20 reviews). Compare capabilities and contact details — confirm availability with the operator.",234
https://canadawashrooms.ca/provider/primetime-washroom-rentals-langley-langley-bc/,"Primetime Washroom Rentals Langley | Construction & Jobsites in Langley | Canada Washrooms",90,"Primetime Washroom Rentals Langley — construction & jobsites in Langley. Service area: 20763 68 Ave, Langley, BC V2Y 1R1. Google rating 5.0 (10 reviews). Compare capabilities and contact details — confirm availability with the operator.",236
https://canadawashrooms.ca/provider/sunrise-washroom-rentals-langley-twp-bc/,"Sunrise Washroom Rentals | Construction & Jobsites in Langley Twp | Canada Washrooms",84,"Sunrise Washroom Rentals — construction & jobsites in Langley Twp. Service area: 3350 260 St #200, Langley Twp, BC V4W 2B1. Google rating 4.2 (39 reviews). Compare capabilities and contact details — confirm availability with the operator.",238
https://canadawashrooms.ca/provider/jiffy-john-rentals-ltd-maple-ridge-bc/,"Jiffy John Rentals Ltd | Construction & Jobsites in Maple Ridge | Canada Washrooms",82,"Jiffy John Rentals Ltd — construction & jobsites in Maple Ridge. Service area: 23338 Fisherman Rd, Maple Ridge, BC V2W 1B9. Google rating 3.1 (19 reviews). Compare capabilities and contact details — confirm availability with the operator.",238
https://canadawashrooms.ca/provider/constance-portable-washroom-rentals-nanaimo-bc/,"Constance Portable Washroom Rentals | Construction & Jobsites in Nanaimo | Canada Washrooms",91,"Constance Portable Washroom Rentals — construction & jobsites in Nanaimo. Service area: 717 Dogwood Rd, Nanaimo, BC V9R 3C2. Google rating 5.0 (1 reviews). Compare capabilities and contact details — confirm availability with the operator.",238
https://canadawashrooms.ca/provider/d-b-l-disposal-services-ltd-nanaimo-bc/,"D B L Disposal Services Ltd | Construction & Jobsites in Nanaimo | Canada Washrooms",83,"D B L Disposal Services Ltd — construction & jobsites in Nanaimo. Service area: 4145 Jingle Pot Rd, Nanaimo, BC V9T 5P5. Google rating 4.3 (23 reviews). Compare capabilities and contact details — confirm availability with the operator.",235
https://canadawashrooms.ca/provider/equinox-rentals-portable-trailer-washrooms-fences-septic-service-north-v/,"Equinox Rentals - Portable & Trailer Washrooms, Fences, Septic Service - North Vancouver | Construction & Jobsites in North Vancouver | Canada Washrooms",152,"Equinox Rentals - Portable & Trailer Washrooms, Fences, Septic Service - North Vancouver — construction & jobsites in North Vancouver. Service area: 145 Chadwick Ct Suite 220, North Vancouver, BC V7M 3K2. Google rating 5.0 (5 reviews). Compare capabilities and contact details — confirm availability with the operator.",318
https://canadawashrooms.ca/provider/vancouver-luxury-restrooms-pitt-meadows-bc/,"Vancouver Luxury Restrooms | Weddings & Events in Pitt Meadows | Canada Washrooms",81,"Vancouver Luxury Restrooms — weddings & events in Pitt Meadows. Service area: 13411 Sharpe Rd, Pitt Meadows, BC V3Y 1Z1. Google rating 5.0 (5 reviews). Compare capabilities and contact details — confirm availability with the operator.",234
https://canadawashrooms.ca/provider/prince-george-portable-toilet-services-ltd-prince-george-bc/,"Prince George Portable Toilet Services Ltd | Construction & Jobsites in Prince George | Canada Washrooms",104,"Prince George Portable Toilet Services Ltd — construction & jobsites in Prince George. Service area: 1301 Kelliher Rd, Prince George, BC V2L 5S8. Google rating 4.8 (13 reviews). Compare capabilities and contact details — confirm availability with the operator.",260
https://canadawashrooms.ca/provider/absolute-septic-service-qualicum-beach-bc/,"Absolute Septic Service | Construction & Jobsites in Qualicum Beach | Canada Washrooms",86,"Absolute Septic Service — construction & jobsites in Qualicum Beach. Service area: 940 View Rd, Qualicum Beach, BC V9K 1N3. Google rating 4.6 (40 reviews). Compare capabilities and contact details — confirm availability with the operator.",238
https://canadawashrooms.ca/provider/all-haul-septic-quesnel-quesnel-bc/,"All Haul Septic Quesnel | Construction & Jobsites in Quesnel | Canada Washrooms",79,"All Haul Septic Quesnel — construction & jobsites in Quesnel. Service area: 1565 Cariboo Hwy, Quesnel, BC V2J 3K1. Google rating 4.5 (54 reviews). Compare capabilities and contact details — confirm availability with the operator.",229
https://canadawashrooms.ca/provider/budget-toilet-rentals-ltd-trailer-washroom-surrey-bc/,"Budget Toilet Rentals Ltd & trailer washroom | Construction & Jobsites in Surrey | Canada Washrooms",99,"Budget Toilet Rentals Ltd & trailer washroom — construction & jobsites in Surrey. Service area: 7276 129a St, Surrey, BC V3W 6Z4. Google rating 2.3 (9 reviews). Compare capabilities and contact details — confirm availability with the operator.",243
https://canadawashrooms.ca/provider/diamond-washroom-trailer-rentals-surrey-bc/,"Diamond Washroom Trailer Rentals | Construction & Jobsites in Surrey | Canada Washrooms",87,"Diamond Washroom Trailer Rentals — construction & jobsites in Surrey. Service area: 10601 Span Rd, Surrey, BC V3V 8A1. Google rating 5.0 (5 reviews). Compare capabilities and contact details — confirm availability with the operator.",232
https://canadawashrooms.ca/provider/equinox-rentals-equinox-rentals-portable-trailer-washrooms-fences-septic/,"Equinox Rentals- Equinox Rentals- Portable & Trailer Washrooms, Fences, Septic Service - Surrey | Construction & Jobsites in Surrey | Canada Washrooms",150,"Equinox Rentals- Equinox Rentals- Portable & Trailer Washrooms, Fences, Septic Service - Surrey — construction & jobsites in Surrey. Service area: 8850 132 St, Surrey, BC V3V 5P2. Google rating 5.0 (4 reviews). Compare capabilities and contact details — confirm availability with the operator.",293
https://canadawashrooms.ca/provider/exclusive-washroom-trailer-rentals-surrey-bc/,"Exclusive Washroom Trailer Rentals | Weddings & Events in Surrey | Canada Washrooms",83,"Exclusive Washroom Trailer Rentals — weddings & events in Surrey. Service area: 12956 67a Ave, Surrey, BC V3W 8M7. Google rating 4.9 (8 reviews). Compare capabilities and contact details — confirm availability with the operator.",228
https://canadawashrooms.ca/provider/premier-site-services-bin-rentals-fence-rentals-toilet-rentals-surrey-bc/,"Premier Site Services - Bin Rentals, Fence Rentals, Toilet Rentals | Construction & Jobsites in Surrey | Canada Washrooms",121,"Premier Site Services - Bin Rentals, Fence Rentals, Toilet Rentals — construction & jobsites in Surrey. Service area: 5945 176a St, Surrey, BC V3S 1V2. Google rating 5.0 (31 reviews). Compare capabilities and contact details — confirm availability with the operator.",266
https://canadawashrooms.ca/provider/prestige-event-services-inc-surrey-bc/,"Prestige Event Services Inc. | Construction & Jobsites in Surrey | Canada Washrooms",83,"Prestige Event Services Inc. — construction & jobsites in Surrey. Service area: 3211 152 St, Surrey, BC V3Z 1H8. Google rating 5.0 (23 reviews). Compare capabilities and contact details — confirm availability with the operator.",227
https://canadawashrooms.ca/provider/primetime-washroom-rentals-surrey-bc/,"Primetime Washroom Rentals | Construction & Jobsites in Surrey | Canada Washrooms",81,"Primetime Washroom Rentals — construction & jobsites in Surrey. Service area: 15086 48 Ave, Surrey, BC V3Z 1G6. Google rating 5.0 (32 reviews). Compare capabilities and contact details — confirm availability with the operator.",226
https://canadawashrooms.ca/provider/sj-luxury-toilet-rental-surrey-bc/,"SJ Luxury Toilet Rental | Construction & Jobsites in Surrey | Canada Washrooms",78,"SJ Luxury Toilet Rental — construction & jobsites in Surrey. Service area: 9177 138 St, Surrey, BC V3V 7Y5. Google rating 3.9 (12 reviews). Compare capabilities and contact details — confirm availability with the operator.",222
https://canadawashrooms.ca/provider/super-save-group-head-office-surrey-bc/,"Super Save Group (Head Office) | Construction & Jobsites in Surrey | Canada Washrooms",85,"Super Save Group (Head Office) — construction & jobsites in Surrey. Service area: 19395 Langley Bypass, Surrey, BC V3S 6K1. Google rating 3.3 (449 reviews). Compare capabilities and contact details — confirm availability with the operator.",239
https://canadawashrooms.ca/provider/topstall-restroom-rentals-surrey-bc/,"Topstall Restroom Rentals | Construction & Jobsites in Surrey | Canada Washrooms",80,"Topstall Restroom Rentals — construction & jobsites in Surrey. Service area: 12611 90a Ave, Surrey, BC V3V 1C6. Google rating 5.0 (5 reviews). Compare capabilities and contact details — confirm availability with the operator.",225
https://canadawashrooms.ca/provider/west-coast-disposal-portable-toilet-rental-surrey-bc/,"West Coast Disposal Portable Toilet Rental | Construction & Jobsites in Surrey | Canada Washrooms",97,"West Coast Disposal Portable Toilet Rental — construction & jobsites in Surrey. Service area: 10601 Span Rd, Surrey, BC V3V 3V5. Google rating 3.4 (17 reviews). Compare capabilities and contact details — confirm availability with the operator.",243
https://canadawashrooms.ca/provider/western-luxury-trailer-washrooms-surrey-bc/,"Western Luxury Trailer Washrooms | Weddings & Events in Surrey | Canada Washrooms",81,"Western Luxury Trailer Washrooms — weddings & events in Surrey. Service area: 14747 Upland Rd #104, Surrey, BC V3S 3C5. Google rating 5.0 (1 reviews). Compare capabilities and contact details — confirm availability with the operator.",233
https://canadawashrooms.ca/provider/blue-jay-rentals-washroom-trailer-rentals-vancouver-bc/,"Blue Jay Rentals - Washroom Trailer Rentals | Construction & Jobsites in Vancouver | Canada Washrooms",101,"Blue Jay Rentals - Washroom Trailer Rentals — construction & jobsites in Vancouver. Service area: 3228 Tupper St, Vancouver, BC V5Z 4S7. Google rating 4.9 (48 reviews). Compare capabilities and contact details — confirm availability with the operator.",251
https://canadawashrooms.ca/provider/west-coast-disposal-portable-toilet-rental-vancouver-bc/,"West Coast Disposal Portable Toilet Rental | Construction & Jobsites in Vancouver | Canada Washrooms",100,"West Coast Disposal Portable Toilet Rental — construction & jobsites in Vancouver. Service area: 1533 E Kent Avenue N, Vancouver, BC V5P 2R3. Google rating 3.5 (26 reviews). Compare capabilities and contact details — confirm availability with the operator.",256
https://canadawashrooms.ca/provider/super-save-group-victoria-bc/,"Super Save Group | Construction & Jobsites in Victoria | Canada Washrooms",73,"Super Save Group — construction & jobsites in Victoria. Service area: 2895 W Shr Pkwy, Victoria, BC V9B 0B2. Google rating 3.1 (36 reviews). Compare capabilities and contact details — confirm availability with the operator.",223
https://canadawashrooms.ca/provider/daylight-equipment-whistler-bc/,"Daylight Equipment | Construction & Jobsites in Whistler | Canada Washrooms",75,"Daylight Equipment — construction & jobsites in Whistler. Service area: 2230 Eva Lake Rd B2, Whistler, BC V8E 0M5. Google rating 5.0 (22 reviews). Compare capabilities and contact details — confirm availability with the operator.",229
https://canadawashrooms.ca/provider/black-tie-toilets-ancaster-on/,"Black Tie Toilets | Construction & Jobsites in Ancaster | Canada Washrooms",74,"Black Tie Toilets — construction & jobsites in Ancaster. Service area: 722 Shaver Rd, Ancaster, ON L9G 3K9. Google rating 3.7 (6 reviews). Compare capabilities and contact details — confirm availability with the operator.",221
https://canadawashrooms.ca/provider/suite-moves-arnprior-on/,"Suite Moves | Weddings & Events in Arnprior | Canada Washrooms",62,"Suite Moves — weddings & events in Arnprior. Service area: 569 Robertson Line, Arnprior, ON K7S 3G9. Google rating 5.0 (53 reviews). Compare capabilities and contact details — confirm availability with the operator.",215
https://canadawashrooms.ca/provider/kaneco-group-premium-portable-washroom-rentals-blackstock-on/,"Kaneco Group - Premium Portable Washroom Rentals | Weddings & Events in Blackstock | Canada Washrooms",101,"Kaneco Group - Premium Portable Washroom Rentals — weddings & events in Blackstock. Service area: 14580 Old Scugog Rd, Blackstock, ON L0B 1B0. Google rating 5.0 (4 reviews). Compare capabilities and contact details — confirm availability with the operator.",256
https://canadawashrooms.ca/provider/rental-save-bolton-on/,"Rental Save | Construction & Jobsites in Bolton | Canada Washrooms",66,"Rental Save — construction & jobsites in Bolton. Service area: 8100 Mayfield Rd, Bolton, ON L7E 0W2. Google rating 4.5 (24 reviews). Compare capabilities and contact details — confirm availability with the operator.",215
https://canadawashrooms.ca/provider/go-to-ready-loo-brampton-on/,"Go To Ready Loo | Construction & Jobsites in Brampton | Canada Washrooms",72,"Go To Ready Loo — construction & jobsites in Brampton. Service area: Yately St, Brampton, ON L7A 4R9. Google rating 4.8 (16 reviews). Compare capabilities and contact details — confirm availability with the operator.",216
https://canadawashrooms.ca/provider/halco-portable-washrooms-brantford-on/,"HALCO Portable Washrooms | Construction & Jobsites in Brantford | Canada Washrooms",82,"HALCO Portable Washrooms — construction & jobsites in Brantford. Service area: 47 Ewart Ave, Brantford, ON N3S 0H4. Google rating 5.0 (3 reviews). Compare capabilities and contact details — confirm availability with the operator.",229
https://canadawashrooms.ca/provider/black-tie-toilets-ltd-ca-on/,"Black Tie Toilets Ltd | Construction & Jobsites in CA | Canada Washrooms",72,"Black Tie Toilets Ltd — construction & jobsites in CA. Service area: 2001 Albion Rd, Etobicoke, ON M9W 6V6. Google rating 3.4 (5 reviews). Compare capabilities and contact details — confirm availability with the operator.",221
https://canadawashrooms.ca/provider/environmental-360-solutions-ca-on/,"Environmental 360 Solutions | Construction & Jobsites in CA | Canada Washrooms",78,"Environmental 360 Solutions — construction & jobsites in CA. Service area: 425 Kipling Ave, Etobicoke, ON M8Z 5C7. Google rating 2.6 (5 reviews). Compare capabilities and contact details — confirm availability with the operator.",228
https://canadawashrooms.ca/provider/gt-portable-toilet-rental-inc-ca-on/,"GT Portable Toilet Rental Inc | Construction & Jobsites in CA | Canada Washrooms",80,"GT Portable Toilet Rental Inc — construction & jobsites in CA. Service area: 38 Metropolitan Rd, Scarborough, ON M1R 2T6. Compare capabilities and contact details — confirm availability with the operator.",204
https://canadawashrooms.ca/provider/rolling-rentals-ca-on/,"Rolling Rentals | Weddings & Events in CA | Canada Washrooms",60,"Rolling Rentals — weddings & events in CA. Service area: 1783 Albion Rd, Etobicoke, ON M9W 5S7. Google rating 5.0 (60 reviews). Compare capabilities and contact details — confirm availability with the operator.",210
https://canadawashrooms.ca/provider/the-jackpot-portable-sanitation-services-ca-on/,"The Jackpot Portable Sanitation Services | Construction & Jobsites in CA | Canada Washrooms",91,"The Jackpot Portable Sanitation Services — construction & jobsites in CA. Service area: 77 Rivalda Rd, North York, ON M9M 2M6. Google rating 5.0 (7 reviews). Compare capabilities and contact details — confirm availability with the operator.",240
https://canadawashrooms.ca/provider/throne-porta-potty-inc-ca-on/,"Throne Porta Potty Inc | Construction & Jobsites in CA | Canada Washrooms",73,"Throne Porta Potty Inc — construction & jobsites in CA. Service area: 230 Milvan Dr, North York, ON M9L 2A5. Google rating 5.0 (6 reviews). Compare capabilities and contact details — confirm availability with the operator.",222
https://canadawashrooms.ca/provider/willscot-ca-on/,"WillScot | Construction & Jobsites in CA | Canada Washrooms",59,"WillScot — construction & jobsites in CA. Service area: 90 N Queen St, Etobicoke, ON M8Z 2C9. Google rating 4.7 (47 reviews). Compare capabilities and contact details — confirm availability with the operator.",208
https://canadawashrooms.ca/provider/stone-mills-portable-toilet-rentals-centreville-on/,"Stone Mills Portable Toilet Rentals | Construction & Jobsites in Centreville | Canada Washrooms",95,"Stone Mills Portable Toilet Rentals — construction & jobsites in Centreville. Service area: Lennox and Addington County Rd 4, Centreville, ON K0K 1N0. Google rating 4.6 (18 reviews). Compare capabilities and contact details — confirm availability with the operator.",265
https://canadawashrooms.ca/provider/a-1-toilet-rentals-clarksburg-on/,"A-1 Toilet Rentals | Construction & Jobsites in Clarksburg | Canada Washrooms",77,"A-1 Toilet Rentals — construction & jobsites in Clarksburg. Service area: 827464 Grey Rd 40, Clarksburg, ON N0H 1J0. Google rating 4.3 (11 reviews). Compare capabilities and contact details — confirm availability with the operator.",231
https://canadawashrooms.ca/provider/the-jackpot-portable-sanitation-services-courtice-on/,"The Jackpot Portable Sanitation Services | Construction & Jobsites in Courtice | Canada Washrooms",97,"The Jackpot Portable Sanitation Services — construction & jobsites in Courtice. Service area: 9 Courtice Ct, Courtice, ON L1E 2T4. Google rating 5.0 (2 reviews). Compare capabilities and contact details — confirm availability with the operator.",244
https://canadawashrooms.ca/provider/tp-toilets-inc-ennismore-on/,"TP Toilets Inc. | Construction & Jobsites in Ennismore | Canada Washrooms",73,"TP Toilets Inc. — construction & jobsites in Ennismore. Service area: 14 Darling Dr, Ennismore, ON K0L 1T0. Google rating 5.0 (11 reviews). Compare capabilities and contact details — confirm availability with the operator.",222
https://canadawashrooms.ca/provider/huron-toilet-rentals-ltd-goderich-on/,"Huron Toilet Rentals Ltd. | Construction & Jobsites in Goderich | Canada Washrooms",82,"Huron Toilet Rentals Ltd. — construction & jobsites in Goderich. Service area: 79905B Pondsview Rd, Goderich, ON N7A 3X8. Google rating 5.0 (1 reviews). Compare capabilities and contact details — confirm availability with the operator.",235
https://canadawashrooms.ca/provider/ampot-portable-toilets-gormley-on/,"Ampot Portable Toilets | Construction & Jobsites in Gormley | Canada Washrooms",78,"Ampot Portable Toilets — construction & jobsites in Gormley. Service area: 150 Ram Forest Rd, Gormley, ON L4A 2G8. Google rating 2.4 (8 reviews). Compare capabilities and contact details — confirm availability with the operator.",228
https://canadawashrooms.ca/provider/nature-s-call-gormley-on/,"Nature's Call | Construction & Jobsites in Gormley | Canada Washrooms",69,"Nature's Call — construction & jobsites in Gormley. Service area: 36 Cardico Dr, Gormley, ON L4A 2G5. Google rating 3.9 (7 reviews). Compare capabilities and contact details — confirm availability with the operator.",215
https://canadawashrooms.ca/provider/red-star-portable-hagersville-on/,"Red Star Portable | Remote & Oilfield Operations in Hagersville | Canada Washrooms",82,"Red Star Portable — remote & oilfield operations in Hagersville. Service area: 302 Army Camp Rd, Hagersville, ON N0A 1H0. Google rating 5.0 (5 reviews). Compare capabilities and contact details — confirm availability with the operator.",235
https://canadawashrooms.ca/provider/five-stars-portable-toilets-hamilton-on/,"FIVE STARS PORTABLE TOILETS | Construction & Jobsites in Hamilton | Canada Washrooms",84,"FIVE STARS PORTABLE TOILETS — construction & jobsites in Hamilton. Service area: 60 Beach Rd, Hamilton, ON L8L 8K3. Google rating 4.3 (13 reviews). Compare capabilities and contact details — confirm availability with the operator.",230
https://canadawashrooms.ca/provider/pitton-plumbing-portable-sanitation-hamilton-on/,"Pitton Plumbing Portable Sanitation | Construction & Jobsites in Hamilton | Canada Washrooms",92,"Pitton Plumbing Portable Sanitation — construction & jobsites in Hamilton. Service area: 566 Rennie St, Hamilton, ON L8H 3P5. Google rating 3.7 (3 reviews). Compare capabilities and contact details — confirm availability with the operator.",239
https://canadawashrooms.ca/provider/chantler-s-environmental-services-hillsburgh-on/,"Chantler's Environmental Services | Construction & Jobsites in Hillsburgh | Canada Washrooms",92,"Chantler's Environmental Services — construction & jobsites in Hillsburgh. Service area: 9426 Wellington 22, Hillsburgh, ON N0B 1Z0. Google rating 3.6 (48 reviews). Compare capabilities and contact details — confirm availability with the operator.",247
https://canadawashrooms.ca/provider/k-winter-sanitation-inc-innisfil-on/,"K. Winter Sanitation Inc | Construction & Jobsites in Innisfil | Canada Washrooms",81,"K. Winter Sanitation Inc — construction & jobsites in Innisfil. Service area: 2816 6th Line, Innisfil, ON L9S 4S4. Google rating 3.0 (29 reviews). Compare capabilities and contact details — confirm availability with the operator.",229
https://canadawashrooms.ca/provider/pine-porta-potty-kingston-on/,"Pine Porta Potty | Construction & Jobsites in Kingston | Canada Washrooms",73,"Pine Porta Potty — construction & jobsites in Kingston. Service area: 50 Grant Timmins Dr Unit 3, Kingston, ON K7M 8N2. Google rating 5.0 (27 reviews). Compare capabilities and contact details — confirm availability with the operator.",234
https://canadawashrooms.ca/provider/room-to-go-inc-millgrove-on/,"Room To Go Inc | Construction & Jobsites in Millgrove | Canada Washrooms",72,"Room To Go Inc — construction & jobsites in Millgrove. Service area: 1031 Hwy 6, Millgrove, ON L8B 1M7. Google rating 4.6 (20 reviews). Compare capabilities and contact details — confirm availability with the operator.",218
https://canadawashrooms.ca/provider/centreline-sanitation-milton-on/,"Centreline Sanitation | Construction & Jobsites in Milton | Canada Washrooms",76,"Centreline Sanitation — construction & jobsites in Milton. Service area: 104 Bronte St N, Milton, ON L9T 2N5. Google rating 4.3 (11 reviews). Compare capabilities and contact details — confirm availability with the operator.",224
https://canadawashrooms.ca/provider/four-seasons-portable-restrooms-mississauga-on/,"Four Seasons Portable Restrooms | Construction & Jobsites in Mississauga | Canada Washrooms",91,"Four Seasons Portable Restrooms — construction & jobsites in Mississauga. Service area: 2605 Summerville Ct, Mississauga, ON L4X 2W7. Google rating 4.7 (42 reviews). Compare capabilities and contact details — confirm availability with the operator.",248
https://canadawashrooms.ca/provider/xpress-rental-solutions-inc-mississauga-on/,"Xpress Rental Solutions Inc | Construction & Jobsites in Mississauga | Canada Washrooms",87,"Xpress Rental Solutions Inc — construction & jobsites in Mississauga. Service area: 6660 Ordan Dr, Mississauga, ON L5T 1J7. Google rating 5.0 (8 reviews). Compare capabilities and contact details — confirm availability with the operator.",237
https://canadawashrooms.ca/provider/m-g-portables-inc-new-hamburg-on/,"M & G Portables Inc. | Construction & Jobsites in New Hamburg | Canada Washrooms",80,"M & G Portables Inc. — construction & jobsites in New Hamburg. Service area: 2510 Nafziger Rd, New Hamburg, ON N3A 3H1. Google rating 5.0 (1 reviews). Compare capabilities and contact details — confirm availability with the operator.",233
https://canadawashrooms.ca/provider/niagara-portable-toilets-niagara-falls-on/,"Niagara Portable Toilets | Construction & Jobsites in Niagara Falls | Canada Washrooms",86,"Niagara Portable Toilets — construction & jobsites in Niagara Falls. Service area: 7972 Thorold Townline Rd, Niagara Falls, ON L2H 1X9. Google rating 5.0 (82 reviews). Compare capabilities and contact details — confirm availability with the operator.",250
https://canadawashrooms.ca/provider/ottawa-luxury-bathroom-trailers-ottawa-on/,"Ottawa Luxury Bathroom Trailers | Weddings & Events in Ottawa | Canada Washrooms",80,"Ottawa Luxury Bathroom Trailers — weddings & events in Ottawa. Service area: 7827 Jock Trail, Ottawa, ON K0A 2Z0. Compare capabilities and contact details — confirm availability with the operator.",196
https://canadawashrooms.ca/provider/portable-toilet-rentals-pefferlaw-on/,"Portable Toilet Rentals | Construction & Jobsites in Pefferlaw | Canada Washrooms",81,"Portable Toilet Rentals — construction & jobsites in Pefferlaw. Service area: 6420 Frog St, Pefferlaw, ON L0E 1N0. Google rating 4.2 (6 reviews). Compare capabilities and contact details — confirm availability with the operator.",228
https://canadawashrooms.ca/provider/premium-portable-toilet-rentals-peterborough-on/,"Premium Portable Toilet Rentals | Construction & Jobsites in Peterborough | Canada Washrooms",92,"Premium Portable Toilet Rentals — construction & jobsites in Peterborough. Service area: Erskine Ave, Peterborough, ON K9J 5T6. Google rating 5.0 (8 reviews). Compare capabilities and contact details — confirm availability with the operator.",241
https://canadawashrooms.ca/provider/lennex-temporary-fence-pickering-on/,"Lennex Temporary Fence | Construction & Jobsites in Pickering | Canada Washrooms",80,"Lennex Temporary Fence — construction & jobsites in Pickering. Service area: 1984 Notion Rd L1V 1C9, Pickering, ON L1W 3R3. Google rating 4.7 (30 reviews). Compare capabilities and contact details — confirm availability with the operator.",238
https://canadawashrooms.ca/provider/event-ready-restrooms-st-thomas-on/,"Event Ready Restrooms | Weddings & Events in St Thomas | Canada Washrooms",73,"Event Ready Restrooms — weddings & events in St Thomas. Service area: 42703 Southdale Line, St Thomas, ON N5R 1C1. Google rating 5.0 (2 reviews). Compare capabilities and contact details — confirm availability with the operator.",228
https://canadawashrooms.ca/provider/affordable-portables-st-williams-on/,"Affordable Portables | Remote & Oilfield Operations in St Williams | Canada Washrooms",85,"Affordable Portables — remote & oilfield operations in St Williams. Service area: 1019 Front Rd, St Williams, ON N0E 1P0. Google rating 4.3 (12 reviews). Compare capabilities and contact details — confirm availability with the operator.",236
https://canadawashrooms.ca/provider/nature-s-call-vaughan-on/,"Nature's Call | Construction & Jobsites in Vaughan | Canada Washrooms",69,"Nature's Call — construction & jobsites in Vaughan. Service area: 177 Creditstone Rd, Vaughan, ON L4K 1N5. Google rating 3.3 (52 reviews). Compare capabilities and contact details — confirm availability with the operator.",221
https://canadawashrooms.ca/provider/markle-s-pumping-service-waterdown-on/,"Markle's Pumping Service | Construction & Jobsites in Waterdown | Canada Washrooms",82,"Markle's Pumping Service — construction & jobsites in Waterdown. Service area: 526 Concession 5 W, Waterdown, ON L8B 1L5. Google rating 5.0 (3 reviews). Compare capabilities and contact details — confirm availability with the operator.",235
https://canadawashrooms.ca/provider/halco-portables-welland-on/,"Halco Portables | Construction & Jobsites in Welland | Canada Washrooms",71,"Halco Portables — construction & jobsites in Welland. Service area: 42 Clark St, Welland, ON L3B 5W6. Google rating 4.7 (88 reviews). Compare capabilities and contact details — confirm availability with the operator.",216
https://canadawashrooms.ca/provider/platinum-vip-portables-wedding-special-event-washroom-rentals-welland-on/,"Platinum VIP Portables - Wedding, Special Event Washroom Rentals | Construction & Jobsites in Welland | Canada Washrooms",120,"Platinum VIP Portables - Wedding, Special Event Washroom Rentals — construction & jobsites in Welland. Service area: 42 Clark St Unit 2, Welland, ON L3B 5W6. Compare capabilities and contact details — confirm availability with the operator.",240